pack,id,title,category,rules,dice,review
"core","core.house-special","House Special","sip","Drink 3. The bartender spit in it and you can taste it.","",""
"core","core.bar-tab","Bar Tab","sip","Give 3. Put it on your dad's card.","",""
"core","core.bad-influence","Bad Influence","sip","Pick someone. You both drink 2. Their mom was right about you.","",""
"core","core.bad-text","U Up?","sip","Anyone who sent a regrettable late-night text drinks 3. Anyone who answered one drinks 1.","",""
"core","core.fake-sick","Corporate Wellness","sip","Anyone who faked sick to skip work drinks 3. Hungover counts.","",""
"core","core.crypto-bro","Financial Genius","sip","Crypto owners drink 2. Everyone else gives 2.","",""
"core","core.kings-two","Two Is You","sip","Give 2 to the person you'd least want to share a bed with. Point so it's personal.","",""
"core","core.kings-three","Three Is Me","sip","Drink 3. The cards have seen your browser history.","",""
"core","core.potion-courage","Potion of Courage","sip","Drink as many as you want, then pick someone to drink that many.","",""
"core","core.prostate-exam","Prostate Exam","sip","Roll d6. That's how many fingers the doctor used.","1d6 — {total} fingers. Drink {total} and say thank you, doctor.",""
"core","core.walk-of-shame","Walk of Shame","sip","Roll d6 to find out where you woke up this morning.","1d6 — 1-1: Behind a Waffle House. Finish your drink. 2-3: Your ex's couch. Drink 3. 4-5: Your own bed, alone. Drink 1. 6-6: A yacht. Give 6.",""
"core","core.still-following","Still Following","sip","Drink 1 for every ex you still follow. The table may audit your phone.","",""
"core","core.sloppy-seconds","Sloppy Seconds","sip","Finish your left neighbor's drink, then get them a fresh one.","",""
"core","core.last-call","Last Call","group","Everyone drinks 2. Look around: one of these people is your best option tonight.","",""
"core","core.cheap-date","Cheap Date","group","Cheapest drink at the table drinks 3. Broke behavior.","",""
"core","core.baller","Big Money","group","Priciest drink at the table gives 4. Trickle-down economics.","",""
"core","core.group-project","Group Project","group","Hands up. Last hand up drinks 3 and does all the work.","",""
"core","core.cheers-idiots","Cheers, Idiots","group","Everyone clinks with everyone. Break eye contact and it's seven years of bad sex. Drink 2.","",""
"core","core.girls-drink","Girls Drink","group","Girls drink 2. Anyone who's cried in a bar bathroom this year drinks 2 more.","",""
"core","core.guys-drink","Guys Drink","group","Guys drink 2. Anyone who's ever peed in a sink drinks 2 more.","",""
"core","core.tallest","Big Friendly Giant","group","Tallest player drinks 2. Shortest player gives 2 and finally feels powerful.","",""
"core","core.new-blood","New Blood","group","First time Side Quest players drink 13. Get absolutely fucked.","",""
"core","core.late-arrival","Fashionably Late","group","Last to arrive drinks 2 and gives the real reason. We all know it was a poop.","",""
"core","core.couples","Couples Drink","group","Couples drink 2 and say where they last had sex. Singles give 2 and pretend not to care.","",""
"core","core.waterfall","Ace Is Waterfall","group","Start a waterfall. Everyone drinks until the player before them stops.","",""
"core","core.body-count","Body Count","group","Roll d20. Anyone whose body count beats it drinks 3. Lying is between you and God.","1d20 — Body count over {total}? Drink 3.",""
"core","core.who-farted","Who Farted","group","On three, point at whoever farted. Most pointed drinks 3. Denying it costs 2 more.","",""
"core","core.phone-check","Phone Check","group","Everyone puts their phone face up on the table. First to buzz drinks 3 and reads it aloud.","",""
"core","core.screenshot","Screenshot","group","Everyone opens their last screenshot. The most damning, by vote, drinks 3.","",""
"core","core.camera-roll","Spicy Camera Roll","group","Anyone with a nude in their camera roll right now drinks 2. Liars burn in hell.","",""
"core","core.toilet-talk","Toilet Talk","group","Everyone says how long their longest dump lasted. Longest drinks 3. Call bullshit freely.","",""
"core","core.ex-files","Ex Files","group","Anyone who's hooked up with someone at this table drinks 3. Don't look at each other.","",""
"core","core.wipe-check","Wipe Check","group","Everyone says whether they wipe standing or sitting. The smaller side drinks 2.","",""
"core","core.nipple-check","Nipple Check","group","Pierced nipples, past or present, give 3. Everyone else drinks 1 out of respect.","",""
"core","core.categories","Categories","category","Pick a category. First repeat or blank drinks 3.","",""
"core","core.rhyme-time","Rhyme Time","category","Pick a word. Clockwise, rhyme it. First bad rhyme or blank drinks 3.","",""
"core","core.never-have-i","Never Have I Ever","category","Say one. Make it dirty. Anyone who has drinks 2.","",""
"core","core.story-time","Story Time","category","Clockwise, build an erotic story one word at a time. First to stall or laugh drinks 2.","",""
"core","core.bad-baby-names","Bad Baby Names","category","Name terrible baby names. First repeat or blank drinks 3.","",""
"core","core.ex-cuses","Ex-Cuses","category","Clockwise, name reasons you dumped someone. First repeat or blank drinks 3.","",""
"core","core.cheap-beers","Cheap Beers","category","Name cheap beers. First repeat or blank drinks 3.","",""
"core","core.euphemisms","Euphemisms","category","Clockwise, name words for a penis. First repeat or blank drinks 3.","",""
"core","core.kama-sutra","Kama Sutra","category","Clockwise, name sex positions; made-up ones count. First repeat or blank drinks 3.","",""
"core","core.pillow-talk","Pillow Talk","category","Clockwise, name things you should never say during sex. First repeat or blank drinks 3.","",""
"core","core.dice-tax","Dice Tax","challenge","The IRS is auditing your drink. Roll d6.","1d6 — 1-2: Clean books. Drink 1. 3-4: Creative accounting. Drink 2. 5-6: Fraud. Drink 4 and open your banking app for the table.",""
"core","core.give-a-shit","Give a Shit","challenge","Roll d6. Give that many to whoever you'd least want to see naked.","1d6 — Give {total} to whoever you'd least want to see naked.",""
"core","core.high-roller","Big Dick Energy","challenge","Roll d6. That's your size.","1d6 — 1-2: Two inches. Drink 4 and sit quietly. 3-4: Average. Drink 2. Nobody's impressed. 5-6: Hung. Give 5 and adjust yourself.",""
"core","core.same-shit","Same Shit","challenge","Roll 2d6. Matching dice means you're exactly as basic as we thought.","2d6 — 2-12: Weirdly original. Give 3.",""
"core","core.fuck-around","Fuck Around & Find Out","challenge","Roll d20 and find out.","1d20 — 1-1: Take a shot and tell us your worst hookup. 2-19: Drink 2. You found out nothing. 20-20: Give a shot. Smug bastard.",""
"core","core.chosen-one","God's Drunkest Soldier","challenge","Roll d20. Odd: drink it. Even: give it. God gave you this burden.","1d20 — 1-19: Drink {total}. 2-20: Give {total}.",""
"core","core.rock-paper-drink","Rock Paper Drink","challenge","Rock paper scissors anyone you want. Loser drinks 3 and calls the winner daddy.","",""
"core","core.kings-four","Four Is Floor","challenge","Everyone touches the floor. Last one down drinks 2.","",""
"core","core.truth-or-drink","Truth or Drink","challenge","The table asks you one filthy question. Answer honestly, or roll d6 and drink it.","1d6 — Coward. Drink {total}.",""
"core","core.rant","Rant Mode","challenge","Rant for 20 seconds about something you hate. Run dry early: roll d6 and drink it.","1d6 — Ran out of hate. Drink {total}.",""
"core","core.impression","Do the Impression","challenge","Do an impression of someone here having sex. You both drink 3.","",""
"core","core.stare-down","Stare Down","challenge","Stare down someone. First to blink or laugh drinks 2.","",""
"core","core.dragon-breath","Dragon's Breath","challenge","Breathe on the person to your right. They rate it out of 10. Over 5: you drink 3.","",""
"core","core.prophecy","Prophecy","challenge","Predict who finishes their drink next. Right: give 3. Wrong: drink 3.","",""
"core","core.side-quest","Side Quest","challenge","Give the table a dare. Anyone who refuses drinks 2.","",""
"core","core.gas-station-sushi","Gas Station Sushi","challenge","You ate the gas station sushi. Roll d6.","1d6 — 1-1: You shit yourself. Finish your drink. 2-3: Cold sweats. Drink 3. 4-5: Rumbling, but holding. Drink 2. 6-6: Iron gut. Give 4.",""
"core","core.lap-dance","Lap Dance Roulette","challenge","Roll d6 and count that many seats to your left. That's who gets a 10-second lap dance.","1d6 — {total} seats left. Dance for them or drink 5.",""
"core","core.hot-seat","Hot Seat","challenge","Roll d6. That many players each ask you a yes-or-no question. Lie and the table knows.","1d6 — {total} questions. Each lie: drink 3.",""
"core","core.nat-one","Nat One","challenge","Roll d20. Pray.","1d20 — 1-1: Critical fail. Finish your drink and confess your worst hookup. 2-19: Drink 3. The gods are bored. 20-20: Natural 20. Make anyone finish their drink.",""
"core","core.hostage-video","Hostage Video","challenge","Film a hostage video begging your mom for bail. Show the table. Weak acting: drink 3.","",""
"core","core.dramatic-reading","Dramatic Reading","challenge","Your left neighbor picks one of your texts. Read it aloud like erotica. Refuse: drink 4.","",""
"core","core.search-history","Search History","challenge","Read your last three searches aloud. Each one you won't read: drink 2.","",""
"core","core.hall-pass","Hall Pass","challenge","Name your celebrity hall pass. If anyone laughs, drink 3.","",""
"core","core.dating-profile","Dating Profile","challenge","Your right neighbor pitches you as a dating profile. Hate it: drink 3. Love it: they do.","",""
"core","core.bad-kisser","Bad Kisser","challenge","Describe your worst kiss in detail. Anyone winces: give 3. Nobody winces: drink 3.","",""
"core","core.pickup-artist","Pickup Artist","challenge","Try your worst pickup line on someone. They laugh: give 3. They don't: drink 3.","",""
"core","core.drunk-dial","Drunk Dial","challenge","Call the third person in your recents and say ""I know what you did."" Chicken out: drink 4.","",""
"core","core.meg-ryan","Meg Ryan","challenge","Fake an orgasm for the table. Weak effort, as judged by the table: drink 3.","",""
"core","core.confession-booth","Confession Booth","challenge","Confess the grossest thing you did this year. Not gross enough for the table: drink 3.","",""
"core","core.roast-me","Roast Me","challenge","Clockwise, everyone describes you in one word. Drink 1 for every word that stings.","",""
"core","core.wet-willy","Wet Willy","challenge","Pick someone. They take a wet willy from you or drink 3. Their call.","",""
"core","core.smell-check","Smell Check","challenge","Sniff your right neighbor's armpit and rate it out loud. Under 5: they drink 3.","",""
"core","core.ugly-crier","Ugly Crier","challenge","Do your best ugly cry for 10 seconds. If the table isn't moved, drink 3.","",""
"core","core.useless-fact","Useless Fact","challenge","Share an impressive useless fact. If nobody reacts, drink 2.","",""
"core","core.the-receipt","The Receipt","challenge","Read your last purchase aloud. Cringe? Drink 3.","",""
"core","core.gym-class","Gym Class","challenge","Do 10 jumping jacks or drink 3. Anyone caught watching too closely drinks 1.","",""
"core","core.debate-club","Debate Club","challenge","Defend an opinion nobody shares. Lose the vote: drink 3.","",""
"core","core.rulemaster","Rulemaster","rule","Make a rule for the rest of the game. Make it stupid. Breakers drink 2.","",""
"core","core.no-names","Who the Fuck Are You?","rule","Until your next turn, nobody uses names. Slip = drink 2.","",""
"core","core.potty-mouth","Church Mode","rule","Until your next turn, nobody swears. Slip = drink 2.","",""
"core","core.cursed-number","Cursed Number","rule","Roll d6. Nobody may say that number until your next turn. Slip = drink 2.","1d6 — {total} is banned until your next turn. Say it: drink 2.",""
"core","core.buffalo","Buffalo","rule","It's gotta go.","",""
"core","core.little-green-man","Little Green Man","rule","Until your next turn, everyone removes the tiny man before drinking. Slip = drink 2.","",""
"core","core.question-master","Question Master","rule","Until your next turn: anyone who answers your question drinks 2.","",""
"core","core.kings-eight","Eight Is Mate","rule","Pick a mate until your next turn. When one of you drinks, both drink, holding hands.","",""
"core","core.dungeon-master","Dungeon Master","rule","Until your next turn, you narrate in third person. Slip = drink 2.","",""
"core","core.phone-sex","Phone Sex Operator","rule","Until your next turn, everyone talks like a phone sex operator. Slip: drink 2.","",""
"core","core.moms-here","Mom's Here","rule","Until your next turn, everyone acts like their mom is here. Anything she'd hate: drink 2.","",""
"core","core.what-she-said","That's What She Said","rule","For the rest of the game, the first to call ""that's what she said"" on a setup gives 2.","",""
"core","core.hall-monitor","Hall Monitor","rule","Until your next turn, nobody pees without asking you. Ask nicely or drink 2.","",""
"core","core.horny-jail","Horny Jail","rule","Until your next turn, anyone who says something horny gets bonked and drinks 2.","",""
"core","core.formal-night","Formal Night","rule","Until your next turn, everyone addresses others as my liege. Slip: drink 2.","",""
"house","house.sheet-004","California Sober","sip","Get pitted and smoke something, then drink 1d6 water. Else, take a shot.","1d6 — Drink {total} water.",""
"house","house.sheet-006","The Game Giveth","sip","Give 3 drinks. If ""The Game Taketh"" was already played, multiply by 1d6.","",""
"house","house.sheet-007","The Game Taketh","sip","Take 3 drinks. If ""The Game Giveth"" was already played, multiply by 1d6.","",""
"house","house.sheet-026","Never Have I Ever","sip","Drink if you've been to Mexico. Drink 3 if you drank the water and blamed the tequila","",""
"house","house.sheet-027","Michael Mouse","sip","How many distinct Disney parks have you been to? Drink that many","",""
"house","house.sheet-031","Batrick","sip","Take a (rabies) shot","",""
"house","house.sheet-036","Same","sip","You called Same, give d6","1d6 — Give {total}.",""
"house","house.sheet-037","Same","sip","You didn't call Same, take d6","1d6 — Drink {total}.",""
"house","house.sheet-038","The Rock","sip","Finish your drink, you don't get to pass it along","",""
"house","house.sheet-045","Drink, bitch","sip","If you drank last card, drink again, bitch","",""
"house","house.sheet-050","Never Have I Ever","sip","Drink if you've flown First Class. Drink 3 if you've joined the mile-high club","",""
"house","house.sheet-051","The Cino","sip","Drink if you've lost money in the casino","",""
"house","house.sheet-055","Could ya just","sip","Drink 1","",""
"house","house.sheet-059","Bu-bu-buff..","sip","Drink 1d6 for almost getting buffaloed","1d6 — Drink {total}.",""
"house","house.sheet-063","Straight to jail","sip","Finish your drink","",""
"house","house.sheet-064","Singles","sip","Drink if you're single. Drink 2 more if it's ""by choice""","",""
"house","house.sheet-065","Couples","sip","Take 1 drink for every year you've been in a relationship","",""
"house","house.sheet-067","Never Have I Ever","sip","Drink if you've been to Germany. Drink 3 if you pissed in public there","",""
"house","house.sheet-068","Never Have I Ever","sip","Drink if you've been to Ireland. Finish your drink if you came back sober","",""
"house","house.sheet-069","Never Have I Ever","sip","Drink if you've been to Italy. Drink 3 if you hooked up with a waiter","",""
"house","house.sheet-070","Never Have I Ever","sip","Drink if you've been to Paris. Drink 3 if you got pickpocketed or dumped there","",""
"house","house.sheet-071","Never Have I Ever","sip","Drink if you've been to Canada. Drink 3 if it was just to drink legally at 19","",""
"house","house.sheet-072","Never Have I Ever","sip","Drink if you've been to Thailand. Drink 3 if you can't tell us what happened there","",""
"house","house.sheet-073","Never Have I Ever","sip","Drink if you've been to Japan. Drink 3 if a vending machine sold you something weird","",""
"house","house.sheet-074","Never Have I Ever","sip","Drink if you've literally shit your pants. Drink 2 if you've shit yourself at the cabin.","",""
"house","house.sheet-078","Split the G","sip","Congrats ya nailed it, give 1d6 drinks","1d6 — Give {total}.",""
"house","house.sheet-079","Split the G","sip","You fucking blew it, drink 1d6 drinks","1d6 — Drink {total}.",""
"house","house.sheet-094","Blessing & a Curse","sip","Give 1d6 drinks and take a different 1d6 drinks","2d6 — Give {first} and drink {second}.",""
"house","house.sheet-102","Vowels","sip","Drink for every vowel in your name","",""
"house","house.sheet-005","Dog Vision","group","Anyone wearing blue or yellow gives 2","",""
"house","house.sheet-013","Ron Stop","group","Everyone drinks for as long as you can say ""Ron stop""","",""
"house","house.sheet-019","And the Chicks","group","1 guy drinks. All girls drink","",""
"house","house.sheet-020","Weinerschnitzel","group","All dudes drink","",""
"house","house.sheet-034","Technophoria","group","Anyone who has touched a phone drinks 1d6","1d6 — Everyone drinks {total}.",""
"house","house.sheet-043","QUICK","group","Both hands up, last person to do it drinks","",""
"house","house.sheet-044","Points","group","Count to 3 and everyone points at a person to drink. Drink how many points you get","",""
"house","house.sheet-049","Mexico v China","group","Thumbs up for Mexican food, thumbs down for chinese. Minority drinks","",""
"house","house.sheet-061","Damn, you're old","group","Oldest takes a drink and tells us what sex was like before phones","",""
"house","house.sheet-076","Big Baby","group","Drink if you're the youngest, then explain one slang word to the oldest","",""
"house","house.sheet-082","GOALLLL","group","Everyone drinks while the person on your left says GOAAAAALLLLL","",""
"house","house.sheet-083","Call Out","group","Who would overpack for a 1 night stay? They drink","",""
"house","house.sheet-084","Call Out","group","Who reads the group chat but never replies? They drink","",""
"house","house.sheet-085","Call Out","group","Who uses their notes app the most? They drink","",""
"house","house.sheet-092","Call Out","group","Who is most likely to suggest shots? They drink (a shot if they're not scared)","",""
"house","house.sheet-018","Story Time","category","Say a word. The next person repeats and adds on. Loser drink 4.","",""
"house","house.sheet-021","Categories","category","Disney Movies","",""
"house","house.sheet-022","Categories","category","Taco Bell menu items","",""
"house","house.sheet-025","Categories","category","Things you lick","",""
"house","house.sheet-033","Categories","category","Trilogy movies","",""
"house","house.sheet-035","Categories","category","Countries","",""
"house","house.sheet-041","Categories","category","Hockey players","",""
"house","house.sheet-052","Categories","category","Name those Pokémon","",""
"house","house.sheet-066","Categories","category","Reality TV series","",""
"house","house.sheet-086","Categories","category","Animated movies","",""
"house","house.sheet-087","Categories","category","Sales at Freddies","",""
"house","house.sheet-095","Categories","category","Things in a kitchen","",""
"house","house.sheet-103","Categories","category","US Capitols","",""
"house","house.sheet-105","Categories","category","Things you should never say to a police officer","",""
"house","house.sheet-003","That's Two Beers?","challenge","Give 4d6 drinks","4d6 — Give {total}.",""
"house","house.sheet-008","Fetch","challenge","Get something from outside in under 30 seconds or drink 1d20","1d20 — Drink {total}.",""
"house","house.sheet-009","Steve's Beans","challenge","Text Steve and tell them his beans are good. Else drink 2d6","2d6 — Drink {total}.",""
"house","house.sheet-011","Drink at Ron","challenge","If Ron is there, drink at him. Else, call and drink at him. Else else, drink 2","",""
"house","house.sheet-014","Medusa","challenge","The first person you make eye contact with must get stoned.","",""
"house","house.sheet-017","Send Help","challenge","Convince someone to drink 1. Else, take a shot.","",""
"house","house.sheet-023","Headache Simulator","challenge","Wear Becca's glasses for a round. Else drink 2d6","2d6 — Drink {total}.",""
"house","house.sheet-029","FMK","challenge","Blink 182, Green Day, Weezer","",""
"house","house.sheet-046","Fiend","challenge","Pop in a fresh zyn, velo, nic pouch","",""
"house","house.sheet-047","Battery Life","challenge","Closest guess to your phone's battery gives 2 drinks","",""
"house","house.sheet-048","Rock, Paper, Scissors","challenge","Challenge a player, loser drinks 1d6","1d6 — Drink {total}.",""
"house","house.sheet-056","Mt. Krumpit","challenge","Dump out your drink and get a fresh one","",""
"house","house.sheet-057","I'm an Idiot","challenge","Say I'm an idiot. Whoever replies ""you're an idiot"" drinks ","",""
"house","house.sheet-058","Accent","challenge","Speak like a high lord and give 1d6 drinks","1d6 — Give {total}.",""
"house","house.sheet-060","Spirit airlines","challenge","Tell your worst vacation story. If team agrees it's bad, give 2 drinks. If team agrees it's not bad, drink 2 drinks.","",""
"house","house.sheet-062","What was that?","challenge","Read the last text message you said out loud. Else, drink 1d6.","1d6 — Drink {total}.",""
"house","house.sheet-077","Nicetitties","challenge","Say something genuinely nice about the person to your right","",""
"house","house.sheet-080","Work it","challenge","Do a runway walk. The table scores it; under 7, drink 3","",""
"house","house.sheet-081","ABC's","challenge","Say the alphabet backwards, every mistake is a drink","",""
"house","house.sheet-088","Tin Hat Society","challenge","One conspiracy theory you really believe","",""
"house","house.sheet-089","Happy Holidays","challenge","You have 10 seconds to come up with a fake holiday. Drink 2 if you blow it","",""
"house","house.sheet-090","Stare down","challenge","Challenge someone to a staring contest. Loser drinks","",""
"house","house.sheet-093","Spelling Contest","challenge","The person to your left gives you a word to spell. U wrong U drink. U right, they drink","",""
"house","house.sheet-096","Knickers","challenge","Guess the person to your rights underwear color. You right, they drink. You wrong, you drink","",""
"house","house.sheet-098","Weatherman","challenge","Give your best weather forecast for the vibes for the rest of the day/night","",""
"house","house.sheet-100","Dare","challenge","Balance your drink on your head for 10 seconds","",""
"house","house.sheet-104","Opinions","challenge","Give your most Joe/Becca opinion","",""
"house","house.sheet-010","Caveman","rule","You can only grunt until your next turn","",""
"house","house.sheet-015","Mr Freeze","rule","Anyone you touch can't move or talk until you stop touching them","",""
"house","house.sheet-030","Potty Mouth","rule","No more cursing for the rest of the game. Drink when you fuck up.","",""
"house","house.sheet-032","Rawr XD","rule","You have to use T-Rex arms until your next turn","",""
"house","house.sheet-039","This Sucks","rule","Buffalo switches hands for the rest of the game","",""
"house","house.sheet-091","Goof Dog","rule","Keep your eyes as open as possible until your next turn","",""
"house","house.sheet-097","Da Rulez","rule","Until your next turn, you can't use your hands to drink","",""
"house","house.sheet-099","Da Rulez","rule","Until your next turn, the next person to say ""beer"" drinks","",""
"house","house.sheet-101","Da Rulez","rule","Until your next turn, you have to peel your drink like a banana","",""
"vip","vip.toast","Dirty Toast","sip","Clockwise, toast the VIP with something their mom shouldn't hear. Then the VIP drinks 2.","",""
"vip","vip.sidekick","Choose a Sidekick","sip","The VIP picks a sidekick who drinks with them for the rest of the game and holds their hair later.","",""
"vip","vip.tax","The VIP Tax","sip","The VIP drinks 3 and names the worst person they've ever kissed.","",""
"vip","vip.sheet-005","One Year Older","sip","Give out the ones place of your new age","",""
"vip","vip.sheet-006","It's Gotta Go","sip","Congrats, the VIP finishes their drink","",""
"vip","vip.fan-club","Hottest Quality","group","Clockwise, name the VIP's hottest quality. The VIP drinks 1 for each one they agree with.","",""
"vip","vip.standing-ovation","Standing Ovation","group","Give the VIP a standing ovation. Last to stand drinks 3. The VIP bows and drinks 1.","",""
"vip","vip.favors","Seen It All","group","Anyone who's seen the VIP naked drinks 2. The VIP drinks 1 for each of them.","",""
"vip","vip.sheet-004","Your Big Night","group","Everyone has to say something nice about the VIP. Then everyone drinks.","",""
"vip","vip.gift","Gift Registry","category","Clockwise, name sex toys you'd gift the VIP. First repeat or blank drinks 2.","",""
"vip","vip.superlatives","Cause of Death","category","Clockwise, name ways the VIP could die tonight. First repeat or blank drinks 2.","",""
"vip","vip.roast","The Roast","challenge","Clockwise, roast the VIP. The VIP picks the meanest one; its author gives 3.","",""
"vip","vip.title","Stage Name","challenge","Give the VIP a stripper name. The VIP drinks 2 and introduces themselves with it.","",""
"vip","vip.sheet-003","Fast as Fuck Boi","challenge","VIP gives 3x what they can drink in 1 minute.","",""
"vip","vip.excellency","Daddy's Home","rule","For the rest of the game, everyone calls the VIP Daddy or Mommy. Forget: drink 2.","",""
"vip","vip.never-alone","Never Drink Alone","rule","For the rest of the game, the VIP picks someone to join every drink they take.","",""
"pokemon","pokemon.smeargle","Smeargle","sip","Smeargle used Sketch! Switch drinks with another player.","",""
"pokemon","pokemon.magikarp","Magikarp","sip","Magikarp used Splash! ...but nothing happened.","",""
"pokemon","pokemon.hoothoot","Hoothoot","sip","Hoothoot only comes out at night. If it's dark outside, give 2. Otherwise, wear shades and drink 2.","",""
"pokemon","pokemon.castform","Castform","sip","Castform used Weather Ball! Look outside. Clear: drink 2. Cloudy: give 2. Rain or snow: drink 3.","",""
"pokemon","pokemon.tauros","Tauros","sip","A wild Tauros appeared and instantly fled. Drink 2 for being too slow.","",""
"pokemon","pokemon.pikachu","Pikachu","sip","You caught a Pikachu! Drink 2 and name your new starter. Electric typing included.","",""
"pokemon","pokemon.dragon-rage","Dragon Rage","sip","Gyarados used Dragon Rage! Drink 4 and glare at someone.","",""
"pokemon","pokemon.red-gyarados","Red Gyarados","sip","It's a Red Gyarados! If you've caught a shiny before, give 4. Otherwise, drink 4.","",""
"pokemon","pokemon.diglett","Diglett","sip","Diglett used Dig! Dig deep and finish your drink.","",""
"pokemon","pokemon.poliwag","Poliwag","sip","Poliwag used Hydro Pump! Shotgun a beer.","",""
"pokemon","pokemon.electabuzz","Electabuzz","sip","Electabuzz used Thunder Punch! You're paralyzed. Drink 3.","",""
"pokemon","pokemon.miltank","Miltank","sip","Miltank used Milk Drink! Swap your drink for a non-alcoholic one and drink 2.","",""
"pokemon","pokemon.sentret","Sentret","sip","Sentret used Foresight! Choose someone who didn't see it coming; they drink 4.","",""
"pokemon","pokemon.starter","Starter","sip","Choose your starter: drink 2 (grass), give 2 (fire), or everyone drinks 1 (water).","",""
"pokemon","pokemon.doduo","Doduo","sip","Doduo used Double-Edge! Give 4 drinks, then drink 1.","",""
"pokemon","pokemon.rocket-grunt","Rocket Grunt","sip","A Rocket Grunt sends five Rattata. Drink as many as you want, then laugh at him.","",""
"pokemon","pokemon.rare-candy","Rare Candy","sip","Rare Candy! Level up: take another card now. No passing the device.","",""
"pokemon","pokemon.bellsprout","Bellsprout","sip","Bellsprout used Growth! Drink 1 and take another card now.","",""
"pokemon","pokemon.jigglypuff","Jigglypuff","sip","Jigglypuff used Sing! Everyone else fell asleep. Take another card now.","",""
"pokemon","pokemon.shroomish","Shroomish","sip","Shroomish used Leech Seed! Take a drink from somebody else's cup.","",""
"pokemon","pokemon.koffing","Koffing","sip","Koffing used Haze! If there's anything nearby to smoke, smoke it to avoid 2 drinks.","",""
"pokemon","pokemon.beedrill","Beedrill","group","Beedrill used Twinneedle! Pick two players. Both drink 2.","",""
"pokemon","pokemon.gloom","Gloom","group","Gloom used Sludge Bomb! You and the two players beside you drink 4.","",""
"pokemon","pokemon.meowth","Meowth","group","Meowth used Pay Day! Everyone but you drinks 1.","",""
"pokemon","pokemon.phanpy","Phanpy","group","A wild Phanpy appeared! Nose goes! Last finger to their nose drinks 2.","",""
"pokemon","pokemon.abra","Abra","group","Abra used Teleport! Everyone swaps seats. Last one seated drinks 2.","",""
"pokemon","pokemon.burned-tower","Burned Tower","group","Burned Tower! Name all three legendary beasts. Last to do it drinks 3.","",""
"pokemon","pokemon.fossil-revival","Fossil Revival","group","You revived a Fossil Pokémon! Everyone older than you drinks 2.","",""
"pokemon","pokemon.cubone","Cubone","group","Cubone used ""My mother is dead."" Share a depressing story. Then everyone drinks 1.","",""
"pokemon","pokemon.silver","Rival Silver","group","Rival Silver appears. Drink half the table, rounded up. He's still smug.","",""
"pokemon","pokemon.may","Rival May","group","Rival May blocks the path! Everyone in a relationship drinks 3. If nobody is, everyone drinks 5.","",""
"pokemon","pokemon.team-rocket","Team Rocket","group","Team Rocket blasts off! Everyone recites the motto. Last to finish drinks 2.","",""
"pokemon","pokemon.pokemon-master","Pokémon Master","group","Throw the Master Ball! Take 2 victory drinks while everyone toasts you.","",""
"pokemon","pokemon.geodude","Geodude","group","Magnitude! Drink as many as you want; the player on your left drinks one less. Go around the table.","",""
"pokemon","pokemon.day-care","Day Care","group","You visited the Day Care! Give 1 for each sibling you have. None? Drink 2.","",""
"pokemon","pokemon.whismur","Whismur","group","Whismur used Uproar! The group picks a phrase. Shout it up to 3 times; give that many drinks.","",""
"pokemon","pokemon.plusle-minun","Plusle & Minun","group","Plusle and Minun used Helping Hand! Pick a player. The next time they drink, drink for them.","",""
"pokemon","pokemon.zigzagoon","Zigzagoon","group","Zigzagoon used Growl! Bark at the group. Last to bark back drinks 2.","",""
"pokemon","pokemon.wailmer","Wailmer","group","Wailmer used Whirlpool! Give 3 to the player on your right. They're dizzy.","",""
"pokemon","pokemon.seaking","Seaking","group","Seaking used Waterfall! Everyone drinks in a waterfall; stop only when the player before you stops.","",""
"pokemon","pokemon.spheal","Spheal","group","Spheal used Ice Ball! Drink 1; the player on your left drinks 2, then 3, around the table until everyone has drunk.","",""
"pokemon","pokemon.clamperl","Clamperl","group","Clamperl is evolving! Choose: all girls drink 3, or all guys drink 3.","",""
"pokemon","pokemon.luvdisc","Luvdisc","group","Luvdisc used Splash! It's super effective: everyone finishes their drinks.","",""
"pokemon","pokemon.pound","Pound","group","Jigglypuff used Pound! Everyone pounds the table. Last to pound drinks 2.","",""
"pokemon","pokemon.battle-of-sexes","Battle of the Sexes","group","Your side drinks 2: guys if you're a guy, girls if you're a girl. The other side gives 1 each.","",""
"pokemon","pokemon.pokedex","Pokédex","category","Going clockwise, name Pokémon in Pokédex order. First to repeat or skip a number drinks 2.","",""
"pokemon","pokemon.type-matchup","Type Matchup","category","Name a type. Going clockwise, name a Pokémon of that type. Repeat or blank: drink 2.","",""
"pokemon","pokemon.whos-that","Who's That?","category","Describe a Pokémon without naming it. First to guess gives 2. Nobody guesses? Drink 2.","",""
"pokemon","pokemon.evolution-line","Evolution Line","category","Name a three-stage evolution line. No repeats. First to blank or repeat drinks 2.","",""
"pokemon","pokemon.cry-alike","Cry Alike","category","Make a Pokémon cry. First to name it gives 2. Whoever is wrong drinks 2.","",""
"pokemon","pokemon.mareep","Mareep","challenge","Wild Mareep appeared! Grab it by the fluff and roll d6.","1d6 — 1-2: Static shock to the nipples. Drink 3. 3-4: It headbutts you in the crotch. Drink 2. 5-6: Free wool sweater. Give 2.",""
"pokemon","pokemon.unown","Unown","challenge","Unown used Sobriety Test! Recite the alphabet backwards. Drink 1 for each mistake.","",""
"pokemon","pokemon.slowpoke","Slowpoke","challenge","Slowpoke tails are valuable. Cut it off: drink 2. Dick. Leave it: give 1.","",""
"pokemon","pokemon.zubat","Zubat","challenge","Another fucking Zubat. Roll d6: that's how many bit your neck.","1d6 — Drink {total}. You're a vampire now: bite someone's neck.",""
"pokemon","pokemon.dragonite","Dragonite","challenge","Dragonite used Hyper Beam! Give 5, then drink 2 to recharge.","",""
"pokemon","pokemon.snorlax","Snorlax","challenge","A Snorlax blocks the path! Belt out a song of the group's choice or drink 4.","",""
"pokemon","pokemon.krabby","Krabby","challenge","Krabby used Crabhammer! Pick someone. They drink 5 or finish their drink.","",""
"pokemon","pokemon.fearow","Fearow","challenge","Fearow used Mirror Move! Do whatever the last player did on their turn.","",""
"pokemon","pokemon.evolution","Evolution","challenge","Your Pokémon is evolving! Let it evolve: drink 4. Cancel it: give 2.","",""
"pokemon","pokemon.wally","Rival Wally","challenge","Rival Wally has asthma and one Ralts. Roll d6: that's how many puffs he needs.","1d6 — {total} puffs. Drink {total}, you bully.",""
"pokemon","pokemon.champion-lance","Champion Lance","challenge","Champion Lance! Finish a full drink to take his title, or drink 6.","",""
"pokemon","pokemon.elite-four","Elite Four","challenge","Challenge the Elite Four with an underleveled team. Roll 4d6.","4d6 — 4-10: You win! Give 4 and make a speech. 11-24: Bruno beats your ass. Drink 4.",""
"pokemon","pokemon.gym-battle","Gym Battle","challenge","Gym battle! Roll d6 to see what's on your team.","1d6 — 1-1: Six Magikarp. Finish your drink. 2-3: You lose and pay the leader. Drink 3. 4-5: Ugly win. Give 2. 6-6: Clean sweep. Give 4 and strike a pose.",""
"pokemon","pokemon.delibird","Delibird","challenge","Delibird used Present! Roll d6 and open it.","1d6 — 1-3: It's a bomb. Drink {total}. 4-6: It's a gift. Give {total}.",""
"pokemon","pokemon.raikou","Raikou","challenge","Raikou appears! Roll d6. 3: catch it and give 5. Anything else: take a bomb shot.","1d6 — 1-2: Zapped. Take a bomb shot. 3-3: Caught it! Give 5. 4-6: Zapped. Take a bomb shot.",""
"pokemon","pokemon.entei","Entei","challenge","Entei appears! Roll d6. 3: catch it and give 5. Anything else: take a high-proof shot.","1d6 — 1-2: Burned. Take a high-proof shot. 3-3: Caught it! Give 5. 4-6: Burned. Take a high-proof shot.",""
"pokemon","pokemon.suicune","Suicune","challenge","Suicune appears! Roll d6. 3: catch it and give 5. Anything else: shotgun a beer.","1d6 — 1-2: Blitzed. Shotgun a beer. 3-3: Caught it! Give 5. 4-6: Blitzed. Shotgun a beer.",""
"pokemon","pokemon.kyogre","Kyogre","challenge","Kyogre rises from the sea! Roll d6. 5-6: catch it; give 5. 1-4: soaked; shotgun a beer.","1d6 — 1-4: Soaked. Shotgun a beer. 5-6: Caught it! Give 5.",""
"pokemon","pokemon.groudon","Groudon","challenge","Groudon wakes! Roll d6. 4-6: catch it; give 4. 1-3: rocked; take a high-proof shot.","1d6 — 1-3: Rocked. Take a high-proof shot. 4-6: Caught it! Give 4.",""
"pokemon","pokemon.rayquaza","Rayquaza","challenge","Rayquaza descends! Roll d6. 6: catch it; give 6. 1-5: dropped; take a bomb shot.","1d6 — 1-5: Dropped. Take a bomb shot. 6-6: Caught it! Give 6.",""
"pokemon","pokemon.game-corner","Game Corner","challenge","The Game Corner slots are rigged by Team Rocket. Roll 2d6 anyway.","2d6 — 2-6: The house wins. Drink 2. 7-7: Jackpot! Give 7. 8-12: The house wins. Drink 2.",""
"pokemon","pokemon.bug-contest","Bug Catching Contest","challenge","Bug Catching Contest! Roll d6: 1 Paras, 2 Metapod, 3 Beedrill, 4 Butterfree, 5 Pinsir, 6 Scyther.","1d6 — 1-1: Paras: awful. Drink 1. 2-2: Metapod: give 1. 3-3: Beedrill: drink 1, give 1. 4-4: Butterfree: give 2. 5-5: Pinsir: drink 2, give 1. 6-6: Scyther: give 3.",""
"pokemon","pokemon.safari-zone","Safari Zone","challenge","Safari Zone! Roll d6. 1-2: bait; give 1. 3-4: throw a rock, dick; drink 4. 5-6: ball; drink 2.","1d6 — 1-2: Bait. Give 1. 3-4: Rock! Dick move. Drink 4. 5-6: Safari Ball. Drink 2.",""
"pokemon","pokemon.rattata","Rattata","challenge","Rattata used Tackle! Roll d6. 1: you fainted; finish your drink. 2-6: give 1.","1d6 — 1-1: You fainted. Finish your drink. 2-6: Give 1.",""
"pokemon","pokemon.chansey","Chansey","challenge","Chansey hands you her egg. Don't ask where it came from. Roll d6.","1d6 — 1-2: You drop it. Drink 3, egg murderer. 3-5: She takes it back. Drink 1. 6-6: Lucky Egg! Give 4.",""
"pokemon","pokemon.pokeball","Poké Ball","challenge","Throw a Poké Ball! Roll d6.","1d6 — 1-2: You nail the trainer in the balls. You both drink 2. 3-4: It flees. Drink 3. 5-6: Caught it! Give 3 and name it after someone here.",""
"pokemon","pokemon.supersonic","Supersonic","challenge","Tentacool used Supersonic! You're confused. Roll d6.","1d6 — 1-2: You hurt yourself in confusion. Drink 4. 3-4: Drink 2 with your other hand. 5-6: You snap out of it. Give 2.",""
"pokemon","pokemon.missingno","Missingno","challenge","A wild Missingno glitched in! Roll d20. 1-5: the game breaks; everyone drinks 3. Higher: drink 2.","1d20 — 1-5: The game breaks. Everyone drinks 3. 6-20: Drink 2.",""
"pokemon","pokemon.tentacool","Tentacool","challenge","Tentacool used Constrict! Drink 2 and hold your drink until you finish it.","",""
"pokemon","pokemon.machoke","Machoke","challenge","Machoke used Submission! Do anything the group tells you now, or drink 4.","",""
"pokemon","pokemon.marill","Marill","challenge","Rain Dance! Perform a song and dance the group chooses, or drink 3.","",""
"pokemon","pokemon.wartortle","Wartortle","challenge","Wartortle used Skull Bash! Crush a beer can against your head to avoid 3 drinks, and give those 3 to one player.","",""
"pokemon","pokemon.ursaring","Ursaring","challenge","Ursaring woke up angry! Drink as many as the group decides, and apologize.","",""
"pokemon","pokemon.clefairy","Clefairy","challenge","Clefairy used Metronome! Close your eyes and point at a player. Whoever you touch drinks 3.","",""
"pokemon","pokemon.razor-leaf","Razor Leaf","challenge","Bellsprout used Razor Leaf! Shred someone with a callout. They drink 1 in shame.","",""
"pokemon","pokemon.sudowoodo","Sudowoodo","challenge","A wild Sudowoodo blocks the path! Reveal an embarrassing truth to avoid 2 drinks, and everyone else drinks.","",""
"pokemon","pokemon.contest-hall","Contest Hall","challenge","Hoenn Contest Hall! Runway walk to a group-chosen song. Give 5 if you do it; drink 3 if you don't.","",""
"pokemon","pokemon.spinda","Spinda","challenge","Spinda used Teeter Dance! Dance to a group-chosen song or drink 8.","",""
"pokemon","pokemon.bicycle","Bicycle","challenge","I want to ride my BICYCLE! Sing the line or drink 3. Anyone who joins in drinks 1.","",""
"pokemon","pokemon.spoink","Spoink","challenge","Spoink's Psychic! Guess the fingers behind your back. Wrong: drink that many. Right: they do.","",""
"pokemon","pokemon.electrode","Electrode","challenge","Electrode used Selfdestruct! Choose a player and you both finish your drinks.","",""
"pokemon","pokemon.claydol","Claydol","challenge","Claydol used Double-Edge! Give as many drinks as you want, then drink half in recoil, rounded up.","",""
"pokemon","pokemon.grimer","Grimer","challenge","Grimer used Sludge Bomb! Have every player combine their drinks in a glass, then finish it!","",""
"pokemon","pokemon.pelipper","Pelipper","challenge","Pelipper used Stockpile! Mix a splash of everyone's drink. Roll d6. Even: swallow it. Odd: choose who drinks it.","1d6 — 1-5: Spit Up! Choose who drinks it. 2-6: Swallow it.",""
"pokemon","pokemon.fiery-path","Fiery Path","challenge","Fiery Path! Take off an article of clothing. Drink 4 to stay hydrated.","",""
"pokemon","pokemon.legendary-articuno","Articuno","challenge","Articuno freezes the table. Everyone shivers dramatically while you roll d20.","1d20 — 1-13: Frozen. Everyone drinks 3. 14-20: Caught! Give 8.",""
"pokemon","pokemon.legendary-zapdos","Zapdos","challenge","Zapdos used Thunder. Hold hands with both neighbors to ground it, then roll 2d6.","2d6 — 2-8: Struck. You and both neighbors drink {total}. 9-12: Caught! Give {total}.",""
"pokemon","pokemon.legendary-moltres","Moltres","challenge","Moltres is on fire and so is your throat. Roll d20.","1d20 — 1-12: Scorched. Take a high-proof shot. 13-20: Caught! Give a shot.",""
"pokemon","pokemon.legendary-mewtwo","Mewtwo","challenge","Mewtwo reads your mind and tells the table your worst thought. Only a 20 catches it. Roll d20.","1d20 — 1-15: Overpowered. Finish your drink. 16-19: You hold on. Drink 4. 20-20: Caught! Everyone else finishes their drink.",""
"pokemon","pokemon.legendary-lugia","Lugia","challenge","Lugia floods the table. Roll d20 for how long everyone drinks.","1d20 — 1-19: Everyone drinks for {total} seconds. 20-20: Caught! Everyone else drinks for 20 seconds.",""
"pokemon","pokemon.legendary-ho-oh","Ho-Oh","challenge","Ho-Oh used Sacred Fire. It burns going down and comes back twice as hot. Roll d6.","1d6 — 1-1: Drink 1, then give 2. 2-2: Drink 2, then give 4. 3-3: Drink 3, then give 6. 4-4: Drink 4, then give 8. 5-5: Drink 5, then give 10. 6-6: Drink 6, then give 12.",""
"pokemon","pokemon.legendary-eon-duo","Latias & Latios","challenge","Pick a partner. Spoon them while you roll 2d6. Matching dice catches the pair.","2d6 — 2-2: They slip away. You both drink 1. 3-3: They slip away. You both drink 2. 4-4: They slip away. You both drink 2. 5-5: They slip away. You both drink 3. 6-6: They slip away. You both drink 3. 7-7: They slip away. You both drink 4. 8-8: They slip away. You both drink 4. 9-9: They slip away. You both drink 5. 10-10: They slip away. You both drink 5. 11-11: They slip away. You both drink 6. 12-12: They slip away. You both drink 6.",""
"pokemon","pokemon.legendary-deoxys","Deoxys","challenge","A space virus with a laser. Only a 20 catches it. Roll d20.","1d20 — 1-10: Psycho Boost lands. Drink 6. 11-19: Glancing blow. Drink 3. 20-20: Caught! Give 10.",""
"pokemon","pokemon.elite-lorelei","Lorelei","challenge","Chug a glass of ice water, then roll d6. Lorelei likes it cold.","1d6 — 1-1: Brain freeze. Drink 1. 2-2: Brain freeze. Drink 2. 3-3: Brain freeze. Drink 3. 4-4: Brain freeze. Drink 4. 5-5: Brain freeze. Drink 5. 6-6: Brain freeze. Drink 6.",""
"pokemon","pokemon.elite-bruno","Bruno","challenge","Arm-wrestle the two strongest players back to back. Each loss: drink 5.","",""
"pokemon","pokemon.elite-agatha","Agatha","challenge","Drink 3. Until your next turn you can't say anyone's name. Each slip: drink 3.","",""
"pokemon","pokemon.elite-will","Will","challenge","The table secretly picks a number from 1 to 10. Three guesses; each miss: drink 2.","",""
"pokemon","pokemon.elite-karen","Karen","challenge","Tell the table something you've never told them, or finish your drink.","",""
"pokemon","pokemon.elite-sidney","Sidney","challenge","Sidney thinks you're a little bitch. Prove him wrong: roll 2d6.","2d6 — 2-6: Crunched. Finish your drink. 7-7: A standoff. Drink 7. 8-12: You beat him. Give 5.",""
"pokemon","pokemon.elite-phoebe","Phoebe","challenge","Eyes shut; someone swaps drinks with you. Guess who, or drink 4 of theirs.","",""
"pokemon","pokemon.elite-glacia","Glacia","challenge","Glacia says your drink is warm and your heart is too. Roll d20.","1d20 — 1-12: Sheer Cold. Drink 6. 13-19: You thaw out. Drink 3. 20-20: You shatter her ice. Give 8.",""
"pokemon","pokemon.elite-drake","Drake","challenge","Drake is a sailor. Drink like one. Roll 3d6.","3d6 — 3-3: Drink 4. 4-4: Drink 4. 5-5: Drink 5. 6-6: Drink 5. 7-7: Drink 6. 8-8: Drink 6. 9-9: Drink 7. 10-10: Drink 7. 11-11: Drink 8. 12-12: Drink 8. 13-13: Drink 9. 14-14: Drink 9. 15-15: Drink 10. 16-16: Drink 10. 17-17: Drink 11. 18-18: Drink 11.",""
"pokemon","pokemon.league-champion-blue","Blue","challenge","Your rival got here first and smells like your mom's perfume. The whole table fights. Roll d20.","1d20 — 1-8: Blue smells you. Everyone finishes their drink. 9-16: Close fight. Everyone drinks 4. 17-20: Champion! Hand out 10 and take a victory lap.",""
"pokemon","pokemon.league-champion-lance","Lance","challenge","Lance used Hyper Beam on the whole table. Roll d20. Pray for a 19.","1d20 — 1-10: Hyper Beam sweeps the table. Everyone finishes their drink. 11-18: Close fight. Everyone drinks 3. 19-20: Hall of Fame! Make a rule for the rest of the night.",""
"pokemon","pokemon.league-champion-steven","Steven","challenge","Steven wants to show the whole table his rock collection. Roll 2d6 to escape.","2d6 — 2-8: Meteor Mash. Everyone drinks {total}. 9-12: Champion! Give {total}, split however you like.",""
"pokemon","pokemon.lickitung","Lickitung","rule","Lickitung used Lick! Give 2 and keep your tongue out until your next turn.","",""
"pokemon","pokemon.team-magma","Team Magma","rule","Team Magma recruited you! If you're on Team Magma, make a rule for the rest of the game. Otherwise, drink 7.","",""
"pokemon","pokemon.team-aqua","Team Aqua","rule","Team Aqua recruited you! If you're on Team Aqua, make a rule for the rest of the game. Otherwise, drink 7.","",""
"pokemon","pokemon.pineco","Pineco","rule","Pineco used Protect! Drink 2. Until your next turn, ignore every drink given to you.","",""
"pokemon","pokemon.farfetchd","Farfetch'd","rule","Farfetch'd got away! Drink 1. For the rest of the game, fetch drinks for anyone who asks.","",""
"pokemon","pokemon.raticate","Raticate","rule","Raticate used Pursuit! For the rest of the game, drink 1 whenever you leave the table.","",""
"pokemon","pokemon.mankey","Mankey","rule","Mankey used Swagger! Teach a handshake. Until your next turn, fumbles drink 1.","",""
"pokemon","pokemon.aipom","Aipom","rule","Aipom used Baton Pass! Until your next turn, pass every drink you're given to another player.","",""
"pokemon","pokemon.skarmory","Skarmory","rule","Steel Wing! Drink 3. Until your next turn, drinks given to you bounce to the player on your right.","",""
"pokemon","pokemon.tropius","Tropius","rule","Tropius used Sweet Scent! Until your next turn, every drink given out comes to you instead.","",""
"pokemon","pokemon.sandshrew","Sandshrew","rule","Sandshrew used Sand-Attack! Drink with your non-dominant hand for the rest of the game.","",""
"pokemon","pokemon.vulpix","Vulpix","rule","Vulpix used Will-O-Wisp! For the rest of the game, add 1 to every drink you take.","",""
"pokemon","pokemon.shuppet","Shuppet","rule","Shuppet used Curse! For the rest of the game, drink 1 every time you curse.","",""
"pokemon","pokemon.ditto","Ditto","rule","Ditto used Transform! Until your next turn, copy everything the next player does.","",""
"pokemon","pokemon.psyduck","Psyduck","rule","Psyduck has a headache! Until your next turn, hold your head. Let go and drink 1.","",""
"pokemon","pokemon.lapras","Lapras","rule","Lapras used Confuse Ray! Pick a player. Until your next turn, they speak in questions or drink 1.","",""
"pokemon","pokemon.egg","Egg","rule","You got an Egg! Hold an object until your next turn. Caught without it: drink 1.","",""
"pokemon","pokemon.togepi","Togepi","rule","Togepi hatched! Make a new rule for the rest of the game. Violations: drink 1.","",""
"pokemon","pokemon.eevee","Eevee","rule","Eeveelution time! Choose a new rule for the rest of the game. Violations: drink 1.","",""
"pokemon","pokemon.trick-house","Trick House","rule","The Trick House! Make a tricky new rule for the rest of the game. Violations: drink 1.","",""
"pokemon","pokemon.pokemon-tower","Pokémon Tower","rule","Out of respect for the dead: no talking until your next turn. Slip and drink 1.","",""
"pokemon","pokemon.murkcrow","Murkrow","rule","Murkrow used Mimic! Pick a player and repeat everything they say until your next turn.","",""
"pokemon","pokemon.barboach","Barboach","rule","Barboach used Mud-slap! Name a player. For the rest of the game, they may slap you once after a full drink.","",""
"pokemon","pokemon.mawile","Mawile","rule","Mawile used Vicegrip! Until your next turn, grab a player and squeeze them. Drink 4 and apologize.","",""
"pokemon","pokemon.relicanth","Relicanth","rule","Relicanth used Dive! Kneel under the table until your next turn. Surface early: drink 2.","",""
"cabin","cabin.fuck-you","Fuck You In Particular","sip","The game has a personal problem with you. Roll d6 and take it.","1d6 — 1-1: It hates you a lot. Drink 9. 2-2: Drink 8. 3-3: Drink 7. 4-4: Drink 6. 5-5: Drink 5. 6-6: It only mildly hates you. Drink 4.",""
"cabin","cabin.for-safety","For Safety","sip","Make your next drink a water or something hydrating.","",""
"cabin","cabin.international-eric","International Eric","sip","Take a shot of liquor. You like it now.","",""
"cabin","cabin.drinks-on-me","Drinks On Me","sip","Get someone a fresh drink. They pay you something. You both drink 1.","",""
"cabin","cabin.ride-the-bus","Ride the Bus","sip","You picked a suit and you're totally wrong. Drink 4.","",""
"cabin","cabin.atlanta-airport","Atlanta Airport","sip","These planes are sus. Roll d6 and drink that many.","1d6 — Drink {total}.",""
"cabin","cabin.going-the-distance","Going the Distance","sip","Give 1 for every hour it took you to get here. Idle time doesn't count.","",""
"cabin","cabin.bartender-greg","Bartender Greg","sip","Hit on someone. Roll d6. You both drink that many.","1d6 — You both drink {total}.",""
"cabin","cabin.allegiant-airlines","Allegiant Airlines","sip","Cheap as fuck until it's not. Roll d6 and give that many.","1d6 — Give {total}.",""
"cabin","cabin.soooo-thursday","Soooo It's Thursday","sip","Give 3 to someone to calm their nerves.","",""
"cabin","cabin.get-natured","Get Natured","sip","Go outside and drink 1 out there.","",""
"cabin","cabin.how-many-holes","How Many Holes?","sip","Give 1 for every drink you've finished tonight, plus 1.","",""
"cabin","cabin.miller-mike","Miller Mike","sip","The group picks your next full drink. No complaints.","",""
"cabin","cabin.lance","Lance","sip","The dragon champion. He's dragon his nuts across your face. Drink 4.","",""
"cabin","cabin.michigan","Michigan","sip","Drink 3 from an ice-cold drink and explain how it's not even cold.","",""
"cabin","cabin.yoink","Yoink!","sip","Pick someone. Roll d6. They drink that many.","1d6 — They drink {total}.",""
"cabin","cabin.gods-chosen","God's Chosen","sip","Had COVID? Drink 3. Never had it? Give 3.","",""
"cabin","cabin.do-not-cum","Do Not Cum","sip","Roll d6. Cum. Drink that many.","1d6 — Drink {total}.",""
"cabin","cabin.mustard-tiger","Mustard Tiger","sip","Drink as much as whoever has drunk the most this game.","",""
"cabin","cabin.ursaring","Ursaring","sip","Give 13 and apologize","",""
"cabin","cabin.no-take-give","No take, Give","sip","Give d6 drinks","1d6 — Give {total}.",""
"cabin","cabin.whinnie-the-pooh","Whinnie the Pooh","sip","Pooh-bear 1d6 drinks","1d6 — Drink {total}.",""
"cabin","cabin.thanos-snap","Thanos Snap","group","Pick half the table. Everyone you didn't pick drinks 2.","",""
"cabin","cabin.corporate-meeting","Corporate Meeting","group","This could have been an email. Anyone working tomorrow drinks 3.","",""
"cabin","cabin.cafe-depoque","Café d'Époque","group","Everyone here is a total skank. Now you are too. Hit on someone; you both drink 2.","",""
"cabin","cabin.neighbors","Neighbors","group","Anyone not sleeping under your roof tonight drinks 1.","",""
"cabin","cabin.comradery","Comradery","group","Make up a table cheer. Everyone shouts it, then drinks 2.","",""
"cabin","cabin.birthday","85.21% Birthday","group","Pick someone. You both drink 85.21% of a drink of your choosing.","",""
"cabin","cabin.team-speech","Team Speech","group","Clockwise from you, build a speech one word per person. Then everyone drinks 1.","",""
"cabin","cabin.someone-call-911","Someone Call 9-1","group","Everyone drinks 1 for every injury on this trip so far.","",""
"cabin","cabin.final-showdown","Final Showdown","group","Play Thunderstruck. Anyone who finishes 2 drinks before it ends gives 5.","",""
"cabin","cabin.medium-rare-chicken","Medium Rare Chicken","group","Everyone drinks 2 for every player who has thrown up this trip.","",""
"cabin","cabin.ski-team","Ski Team","group","Skier? Skiers drink 2. Snowboarder? Snowboarders drink 2. Neither? Drink 4 and grow up.","",""
"cabin","cabin.smooth-brain","Smooth Brain","challenge","Tell a story about a time you were REAL dumb. Drink 2.","",""
"cabin","cabin.facetime-trivia","FaceTime Trivia","challenge","The group asks you trivia. Wrong: drink 2 and nobody talks to you until your next turn.","",""
"cabin","cabin.county-commissioner","County Commissioner","challenge","Campaign to be in charge. Drink 1 per player who wouldn't vote for you.","",""
"cabin","cabin.drunken-clam","Drunken Clam","challenge","How the fuck did this get here? Roll d6. 1: drink 1. Else finish your drink.","1d6 — 1-1: Drink 1. 2-6: Blindsided. Finish your drink.",""
"cabin","cabin.mint-chev","Mint Chev","challenge","Crush a full beer and leave the can on the table. Else roll d6 and drink.","1d6 — 1-3: Drink 1. 4-6: Drink 2.",""
"cabin","cabin.i-dont-know-shit","I Don't Know Shit","challenge","Tell the group something you embarrassingly don't understand. Everyone drinks 2.","",""
"cabin","cabin.dafuq","Dafuq Did I Just Hear?","challenge","You just admitted to loving Lance. Drink until the group is happy.","",""
"cabin","cabin.alakazam","Alakazam","challenge","Pick someone. Spoon them and you both drink 3.","",""
"cabin","cabin.voltorb","Voltorb","challenge","Roll d6. Pick that many players to finish their drinks.","1d6 — Pick {total} players to finish their drinks.",""
"cabin","cabin.ow-scratchies","Ow Scratchies","challenge","Show the group a scar and explain it. Everyone drinks 2 in pain.","",""
"cabin","cabin.chaud","Chaud","challenge","Microwave your drink.","",""
"cabin","cabin.thats-two-beers","That's Two Beers","challenge","Give out 24 drinks.","",""
"cabin","cabin.guess-ill-die","Guess I'll Die","challenge","Roll 2d6. Doubles: finish your drink. Else drink 2.","2d6 — 2-12: Drink 2.",""
"cabin","cabin.not-that-drunk","We're Not That Drunk","challenge","Pound a full drink, then take another card now.","",""
"cabin","cabin.cave-herpes","Cave Herpes","challenge","Roll d6. 4–5: you escape and give 2. Anything else: you're stuck, drink 2.","1d6 — 1-3: Stuck in the cave. Drink 2. 4-5: You escape. Give 2. 6-6: Stuck in the cave. Drink 2.",""
"cabin","cabin.fourth-meal","4th Meal","challenge","Fly to Ireland and get a tattoo right now. Else roll d6 and drink.","1d6 — 1-3: Drink 1. 4-6: Drink 2.",""
"cabin","cabin.wisconsin","Wisconsin","challenge","The real mitten state. Roll d6. From Wisconsin? You give instead of drinking.","1d6 — 1-1: Drink 6. From Wisconsin? Give 6. 2-2: Drink 5. From Wisconsin? Give 5. 3-3: Drink 4. From Wisconsin? Give 4. 4-4: Drink 3. From Wisconsin? Give 3. 5-5: Drink 2. From Wisconsin? Give 2. 6-6: Drink 1. From Wisconsin? Give 1.",""
"cabin","cabin.samesies","Samesies","challenge","Roll 2d6. Matching dice means the universe agrees with you.","2d6 — 2-2: Drink 1. 3-4: Drink 2. 5-6: Drink 3. 7-8: Drink 4. 9-10: Drink 5. 11-12: Drink 6.",""
"cabin","cabin.numbers","Numbers","challenge","Drink for every number that exists, or until the group is happy.","",""
"cabin","cabin.king-of-the-hill","King of the Hill","challenge","Roll d6. A 6: everyone else drinks 2. Anything else: drink 2.","1d6 — 1-5: Drink 2. 6-6: King of the Hill. Everyone else drinks 2.",""
"cabin","cabin.cant-believe-this","I Can't Believe This","challenge","Pour out someone's drink. They get a fresh one and drink 2.","",""
"cabin","cabin.silly-salmon","Silly Salmon","challenge","Flop on the floor like a fish. Drink 1.","",""
"cabin","cabin.florida","Florida","challenge","Tell everyone how nice Florida is, then roll d6. From Florida? You give instead.","1d6 — 1-2: Drink 1, warm. From Florida? Give 1. 3-4: Drink 2, warm. From Florida? Give 2. 5-6: Drink 3, warm. From Florida? Give 3.",""
"cabin","cabin.almost-lost-my-cool","Almost Lost My Cool","challenge","If someone here is mad, calm them and give 3. Else rage and drink 3.","",""
"cabin","cabin.crypto","Crypto","challenge","You bought the dip. Roll d6 to see if it kept dipping.","1d6 — 1-5: Rug pulled. Drink {total}. 2-6: To the moon. Give {total}.",""
"cabin","cabin.what-an-idiot","What an Idiot","challenge","Make someone finish their drink.","",""
"cabin","cabin.im-sorry-baby","I'm Sorry Baby","challenge","Roll d6 to find out how sorry you are.","1d6 — 1-1: You're a nobody. Drink 4. 2-4: Smoochie-smoochie. Drink 2. 5-6: The night closes in. Give 3.",""
"cabin","cabin.son-of-a-bitch","Son of a Bitch, I'm In","challenge","Anyone can offer you a drink and an amount. Accept and you both drink it.","",""
"cabin","cabin.get-good","Get Good","challenge","Insult someone's skills. They prove you wrong or drink 3.","",""
"cabin","cabin.what-is-give","What Is? Give","challenge","Have someone get you the drink they have. Roll d6. You both drink your roll minus 3.","1d6 — 1-3: Nobody drinks. 4-4: You both drink 1. 5-5: You both drink 2. 6-6: You both drink 3.",""
"cabin","cabin.kadabra","Kadabra","challenge","Abra's dumbass brother. Swap seats with anyone.","",""
"cabin","cabin.its-gotta-go","It's Gotta Go","challenge","Finish your drink.","",""
"cabin","cabin.maddy-booty","Maddy Booty","challenge","Roll 1d20. You drink until the group counts to it, or you finish your drink.","1d20 — Drink until the group counts to {total}, or finish your drink.",""
"cabin","cabin.pet-that-dog","Pet that dog","challenge","Better pet any dog in the room, or take 1d6","1d6 — Drink {total}.",""
"cabin","cabin.bitch-babe","Bitch Babe","rule","Give 2. Until your next turn, call your left neighbor babe and everyone else bitch.","",""
"cabin","cabin.freddies-run","Freddie's Run","rule","Until your next turn, fetch anything anyone asks for. Refuse: drink 3.","",""
"cabin","cabin.im-the-captain-now","I'm the Captain Now","rule","Reverse the turn order for the rest of the game, then take another card now.","",""
"cabin","cabin.spirit-airlines","Spirit Airlines","rule","Drink 3. Until your next turn, any 1 rolled counts as 0.","",""
"cabin","cabin.stonks","Stonks","rule","Smoke something if you're cool. Until your next turn, you're immune to drinks.","",""
"cabin","cabin.asshole","Asshole","rule","Until your next turn, do whatever anyone tells you.","",""
"cabin","cabin.childrens-cabin","Children's Cabin","rule","Get absolutely stoned, or drink 1 whenever anyone draws until your next turn.","",""
"cabin","cabin.like-i-said","Like I Said","rule","Drink 2. Until your next turn, mimic the next player.","",""
"cabin","cabin.steves-beanie","Steve's Spyder Beanie","rule","Until your next turn, send every drink given to you back to the sender.","",""
"cabin","cabin.deez-nuts","Deez Nuts","rule","You are Deez for the rest of the game. Fall for a deez nuts joke: drink 3.","",""
"cabin","cabin.ohio","Ohio","rule","That sucks. Drink 2 and wear something stupid until your next turn.","",""
"cabin","cabin.part-of-the-crew","Part of the Crew","rule","Pick up to 3 crew. Until your next turn, when one of you drinks, all of you drink.","",""
"cabin","cabin.dream-team","Dream Team","rule","Until your next turn, you may split your drinks with anyone beside you.","",""
"cabin","cabin.president","President","rule","Until your next turn, give anyone orders. Refuse: drink 2.","",""
"cabin","cabin.christmas","3rd World Christmas","rule","Give someone a gift. They wear or use it for the rest of the game.","",""
"cabin","cabin.wench","Wench","rule","You are the drink wench until your next turn","",""
"cabin","cabin.first-name-only","Pokemon","rule","Speak only your first name until your next turn","",""
"cabin","cabin.abra-like-a-slut","Abra like a Slut","rule","Reverse the turn order for the rest of the game","",""
"likely","likely.001","Most Likely To","group","Text their ex tonight. Point on three: most votes drinks 2.","",""
"likely","likely.002","Most Likely To","group","Fall asleep first tonight. Point on three: most votes drinks 2.","",""
"likely","likely.003","Most Likely To","group","Lose their phone before the night ends. Point on three: most votes drinks 2.","",""
"likely","likely.004","Most Likely To","group","Start a fight with a bouncer. Point on three: most votes drinks 3.","",""
"likely","likely.005","Most Likely To","group","Order a round nobody asked for. Point on three: most votes drinks 2.","",""
"likely","likely.006","Most Likely To","group","Cry at the bar for no reason. Point on three: most votes drinks 2.","",""
"likely","likely.007","Most Likely To","group","Wake up somewhere they don't recognize. Point on three: most votes drinks 3.","",""
"likely","likely.008","Most Likely To","group","Drunk-buy something expensive online. Point on three: most votes drinks 2.","",""
"likely","likely.009","Most Likely To","group","Get kicked out of a bar. Point on three: most votes drinks 3.","",""
"likely","likely.010","Most Likely To","group","Lose a shoe on a night out. Point on three: most votes drinks 2.","",""
"likely","likely.011","Most Likely To","group","Make best friends in the bathroom line. Point on three: most votes drinks 2.","",""
"likely","likely.012","Most Likely To","group","Say ""one more"" and mean six. Point on three: most votes drinks 2.","",""
"likely","likely.013","Most Likely To","group","Pee somewhere they absolutely shouldn't. Point on three: most votes drinks 2.","",""
"likely","likely.014","Most Likely To","group","Show up to brunch still drunk. Point on three: most votes drinks 2.","",""
"likely","likely.015","Most Likely To","group","Shotgun a beer at a wedding. Point on three: most votes takes a shot.","",""
"likely","likely.016","Most Likely To","group","Give a toast nobody asked for. Point on three: most votes drinks 2.","",""
"likely","likely.017","Most Likely To","group","Puke and rally. Point on three: most votes drinks 3.","",""
"likely","likely.018","Most Likely To","group","Grab the karaoke mic uninvited. Point on three: most votes drinks 2.","",""
"likely","likely.019","Most Likely To","group","Leave their card at the bar. Point on three: most votes drinks 2.","",""
"likely","likely.020","Most Likely To","group","Drunk-text the group chat a paragraph. Point on three: most votes drinks 2.","",""
"likely","likely.021","Most Likely To","group","Fall down the stairs and call it a bit. Point on three: most votes drinks 2.","",""
"likely","likely.022","Most Likely To","group","Hit the drive-through at 3 a.m.. Point on three: most votes drinks 2.","",""
"likely","likely.023","Most Likely To","group","Start drinking before noon on vacation. Point on three: most votes drinks 2.","",""
"likely","likely.024","Most Likely To","group","Forget a conversation they started. Point on three: most votes drinks 2.","",""
"likely","likely.025","Most Likely To","group","Tip 50% because they love the bartender. Point on three: most votes drinks 2.","",""
"likely","likely.026","Most Likely To","group","Go swimming fully clothed. Point on three: most votes drinks 2.","",""
"likely","likely.027","Most Likely To","group","Try to fight a goose. Point on three: most votes drinks 2.","",""
"likely","likely.028","Most Likely To","group","Swear they're ""not even that drunk"". Point on three: most votes drinks 2.","",""
"likely","likely.029","Most Likely To","group","Still be awake at 4 a.m.. Point on three: most votes drinks 2.","",""
"likely","likely.030","Most Likely To","group","Need to be carried home. Point on three: most votes finishes their drink.","",""
"likely","likely.031","Most Likely To","group","Lie about how many drinks they've had. Point on three: most votes drinks 2.","",""
"likely","likely.032","Most Likely To","group","Order the most expensive shot on the menu. Point on three: most votes takes a shot.","",""
"likely","likely.033","Most Likely To","group","Dance on a table. Point on three: most votes drinks 2.","",""
"likely","likely.034","Most Likely To","group","Get cut off by a bartender. Point on three: most votes drinks 3.","",""
"likely","likely.035","Most Likely To","group","Become best friends with the DJ. Point on three: most votes drinks 2.","",""
"likely","likely.036","Most Likely To","group","Call their mom drunk. Point on three: most votes drinks 2.","",""
"likely","likely.037","Most Likely To","group","Sneak alcohol into a movie theater. Point on three: most votes drinks 2.","",""
"likely","likely.038","Most Likely To","group","Mix three liquors in one cup. Point on three: most votes drinks 2.","",""
"likely","likely.039","Most Likely To","group","Show up to a party empty-handed. Point on three: most votes drinks 2.","",""
"likely","likely.040","Most Likely To","group","Start a drunk heart-to-heart. Point on three: most votes drinks 2.","",""
"likely","likely.041","Most Likely To","group","Kiss a stranger at midnight. Point on three: most votes drinks 2.","",""
"likely","likely.042","Most Likely To","group","Start a conga line. Point on three: most votes drinks 2.","",""
"likely","likely.043","Most Likely To","group","End up at an afterparty with strangers. Point on three: most votes drinks 2.","",""
"likely","likely.044","Most Likely To","group","Nap at a party and wake up for round two. Point on three: most votes drinks 2.","",""
"likely","likely.045","Most Likely To","group","Order pizza to the bar. Point on three: most votes drinks 2.","",""
"likely","likely.046","Most Likely To","group","Get a tattoo on a dare. Point on three: most votes drinks 3.","",""
"likely","likely.047","Most Likely To","group","Throw up in an Uber. Point on three: most votes drinks 3.","",""
"likely","likely.048","Most Likely To","group","Insist on one more bar. Point on three: most votes drinks 2.","",""
"likely","likely.049","Most Likely To","group","Be the last one to leave every party. Point on three: most votes drinks 2.","",""
"likely","likely.050","Most Likely To","group","Lose their friends and find new ones. Point on three: most votes drinks 2.","",""
"likely","likely.051","Most Likely To","group","Lock themselves out of the house. Point on three: most votes drinks 2.","",""
"likely","likely.053","Most Likely To","group","Text the person they were talking about. Point on three: most votes drinks 3.","",""
"likely","likely.054","Most Likely To","group","Reply-all to the whole company. Point on three: most votes drinks 2.","",""
"likely","likely.056","Most Likely To","group","Miss a flight. Point on three: most votes drinks 2.","",""
"likely","likely.057","Most Likely To","group","Go to the wrong airport. Point on three: most votes drinks 2.","",""
"likely","likely.060","Most Likely To","group","Lose rock-paper-scissors to a child. Point on three: most votes drinks 2.","",""
"likely","likely.061","Most Likely To","group","Call a teacher ""mom"". Point on three: most votes drinks 2.","",""
"likely","likely.068","Most Likely To","group","Like a three-year-old photo by accident. Point on three: most votes drinks 2.","",""
"likely","likely.069","Most Likely To","group","Join a pyramid scheme. Point on three: most votes drinks 2.","",""
"likely","likely.070","Most Likely To","group","Get a parking ticket in their own driveway. Point on three: most votes drinks 2.","",""
"likely","likely.072","Most Likely To","group","Send a screenshot to the person in it. Point on three: most votes drinks 3.","",""
"likely","likely.075","Most Likely To","group","Lose their wallet twice on one trip. Point on three: most votes drinks 2.","",""
"likely","likely.077","Most Likely To","group","Set the kitchen on fire. Point on three: most votes drinks 2.","",""
"likely","likely.078","Most Likely To","group","Fall for an obvious prank. Point on three: most votes drinks 2.","",""
"likely","likely.080","Most Likely To","group","Put the wrong fuel in a car. Point on three: most votes drinks 2.","",""
"likely","likely.081","Most Likely To","group","Butt-dial their boss. Point on three: most votes drinks 2.","",""
"likely","likely.082","Most Likely To","group","Laugh at a funeral. Point on three: most votes drinks 3.","",""
"likely","likely.084","Most Likely To","group","Say ""you too"" when the waiter says enjoy. Point on three: most votes drinks 2.","",""
"likely","likely.085","Most Likely To","group","Fake-laugh at a joke they didn't get. Point on three: most votes drinks 2.","",""
"likely","likely.086","Most Likely To","group","Get caught talking to themselves. Point on three: most votes drinks 2.","",""
"likely","likely.087","Most Likely To","group","Sing the wrong lyrics with full confidence. Point on three: most votes drinks 2.","",""
"likely","likely.090","Most Likely To","group","Get their head stuck in something. Point on three: most votes drinks 2.","",""
"likely","likely.091","Most Likely To","group","Send a text meant for someone else. Point on three: most votes drinks 2.","",""
"likely","likely.092","Most Likely To","group","Get caught stalking someone's Instagram. Point on three: most votes drinks 2.","",""
"likely","likely.094","Most Likely To","group","Get locked in a bathroom. Point on three: most votes drinks 2.","",""
"likely","likely.095","Most Likely To","group","Show up on the wrong day. Point on three: most votes drinks 2.","",""
"likely","likely.098","Most Likely To","group","Go live on social media by accident. Point on three: most votes drinks 2.","",""
"likely","likely.100","Most Likely To","group","Call 911 by accident. Point on three: most votes drinks 2.","",""
"likely","likely.101","Most Likely To","group","Eat an entire pizza alone. Point on three: most votes drinks 2.","",""
"likely","likely.104","Most Likely To","group","Believe in aliens with their whole chest. Point on three: most votes drinks 2.","",""
"likely","likely.106","Most Likely To","group","Have a deep conversation with a dog. Point on three: most votes drinks 2.","",""
"likely","likely.107","Most Likely To","group","Order delivery twice in one night. Point on three: most votes drinks 2.","",""
"likely","likely.108","Most Likely To","group","Laugh at nothing for five straight minutes. Point on three: most votes drinks 2.","",""
"likely","likely.109","Most Likely To","group","Start a conspiracy podcast. Point on three: most votes drinks 2.","",""
"likely","likely.111","Most Likely To","group","Pitch a genius business idea at 2 a.m.. Point on three: most votes drinks 2.","",""
"likely","likely.112","Most Likely To","group","Get paranoid about a cop who isn't there. Point on three: most votes drinks 2.","",""
"likely","likely.114","Most Likely To","group","Buy crystals and mean it. Point on three: most votes drinks 2.","",""
"likely","likely.117","Most Likely To","group","Reply ""lol"" to a serious text. Point on three: most votes drinks 2.","",""
"likely","likely.119","Most Likely To","group","Explain the universe to a bartender. Point on three: most votes drinks 2.","",""
"likely","likely.121","Most Likely To","group","Get distracted by a bird mid-argument. Point on three: most votes drinks 2.","",""
"likely","likely.122","Most Likely To","group","Say ""bro, what if…"" the most. Point on three: most votes drinks 2.","",""
"likely","likely.124","Most Likely To","group","Fall asleep during a movie they picked. Point on three: most votes drinks 2.","",""
"likely","likely.125","Most Likely To","group","Eat something off the floor. Point on three: most votes drinks 2.","",""
"likely","likely.126","Most Likely To","group","Own a bong with a name. Point on three: most votes drinks 2.","",""
"likely","likely.127","Most Likely To","group","Raid someone else's fridge uninvited. Point on three: most votes drinks 2.","",""
"likely","likely.128","Most Likely To","group","Think they can talk to animals. Point on three: most votes drinks 2.","",""
"likely","likely.130","Most Likely To","group","Order half the menu at a drive-through. Point on three: most votes drinks 2.","",""
"likely","likely.131","Most Likely To","group","Marry someone they met on vacation. Point on three: most votes drinks 3.","",""
"likely","likely.132","Most Likely To","group","Get back with their ex. Point on three: most votes drinks 3.","",""
"likely","likely.133","Most Likely To","group","Fall in love on a dating app in a week. Point on three: most votes drinks 2.","",""
"likely","likely.134","Most Likely To","group","Date two people at once. Point on three: most votes drinks 3.","",""
"likely","likely.135","Most Likely To","group","Get caught sneaking out of someone's place. Point on three: most votes drinks 2.","",""
"likely","likely.136","Most Likely To","group","Have a secret OnlyFans. Point on three: most votes drinks 3.","",""
"likely","likely.137","Most Likely To","group","Send a risky photo to the wrong person. Point on three: most votes takes a shot.","",""
"likely","likely.138","Most Likely To","group","Hook up with a coworker. Point on three: most votes drinks 3.","",""
"likely","likely.139","Most Likely To","group","Slide into a celebrity's DMs. Point on three: most votes drinks 2.","",""
"likely","likely.140","Most Likely To","group","Get married in Vegas. Point on three: most votes drinks 2.","",""
"likely","likely.141","Most Likely To","group","Have a crush on someone in this room. Point on three: most votes takes a shot.","",""
"likely","likely.142","Most Likely To","group","Ghost someone after a great date. Point on three: most votes drinks 2.","",""
"likely","likely.143","Most Likely To","group","Have the weirdest search history. Point on three: most votes drinks 3.","",""
"likely","likely.144","Most Likely To","group","Keep a dating app open just to look. Point on three: most votes drinks 2.","",""
"likely","likely.145","Most Likely To","group","Write a love letter to a celebrity. Point on three: most votes drinks 2.","",""
"likely","likely.146","Most Likely To","group","Propose in public. Point on three: most votes drinks 2.","",""
"likely","likely.148","Most Likely To","group","Plan the wedding before the second date. Point on three: most votes drinks 2.","",""
"likely","likely.149","Most Likely To","group","Get walked in on. Point on three: most votes drinks 3.","",""
"likely","likely.150","Most Likely To","group","Flirt their way out of a ticket. Point on three: most votes drinks 2.","",""
"likely","likely.151","Most Likely To","group","Have a secret second phone. Point on three: most votes drinks 2.","",""
"likely","likely.152","Most Likely To","group","Date someone twice their age. Point on three: most votes drinks 2.","",""
"likely","likely.153","Most Likely To","group","Match with a friend's ex. Point on three: most votes drinks 3.","",""
"likely","likely.154","Most Likely To","group","Have a celebrity hall pass ready. Point on three: most votes drinks 2.","",""
"likely","likely.155","Most Likely To","group","Be the first one here to get married. Point on three: most votes drinks 2.","",""
"likely","likely.156","Most Likely To","group","Be the last one here to get married. Point on three: most votes drinks 2.","",""
"likely","likely.157","Most Likely To","group","Elope without telling anyone. Point on three: most votes drinks 2.","",""
"likely","likely.158","Most Likely To","group","Make out in a public bathroom. Point on three: most votes drinks 2.","",""
"likely","likely.159","Most Likely To","group","Have had a crush on a cartoon character. Point on three: most votes drinks 2.","",""
"likely","likely.160","Most Likely To","group","Tattoo a partner's name on themselves. Point on three: most votes drinks 3.","",""
"likely","likely.161","Most Likely To","group","Send a ""you up?"" text this weekend. Point on three: most votes drinks 2.","",""
"likely","likely.162","Most Likely To","group","Hook up at a wedding. Point on three: most votes drinks 2.","",""
"likely","likely.163","Most Likely To","group","Date someone just for their dog. Point on three: most votes drinks 2.","",""
"likely","likely.164","Most Likely To","group","Get caught skinny-dipping. Point on three: most votes drinks 3.","",""
"likely","likely.165","Most Likely To","group","Fall for the bartender. Point on three: most votes drinks 2.","",""
"likely","likely.166","Most Likely To","group","Kiss someone in this room tonight. Point on three: most votes takes a shot.","",""
"likely","likely.167","Most Likely To","group","Still have their ex's hoodie. Point on three: most votes drinks 2.","",""
"likely","likely.168","Most Likely To","group","Fake a phone call to escape a date. Point on three: most votes drinks 2.","",""
"likely","likely.169","Most Likely To","group","Get a lap dance at a bachelor party. Point on three: most votes drinks 2.","",""
"likely","likely.170","Most Likely To","group","Have a type nobody understands. Point on three: most votes drinks 2.","",""
"likely","likely.172","Most Likely To","group","Go to jail. Point on three: most votes drinks 3.","",""
"likely","likely.173","Most Likely To","group","Win the lottery and lose it all. Point on three: most votes drinks 2.","",""
"likely","likely.175","Most Likely To","group","Move to another country on a whim. Point on three: most votes drinks 2.","",""
"likely","likely.176","Most Likely To","group","End up on reality TV. Point on three: most votes drinks 2.","",""
"likely","likely.177","Most Likely To","group","Start a cult. Point on three: most votes drinks 2.","",""
"likely","likely.179","Most Likely To","group","Get canceled online. Point on three: most votes drinks 2.","",""
"likely","likely.180","Most Likely To","group","Go viral for the wrong reason. Point on three: most votes drinks 2.","",""
"likely","likely.182","Most Likely To","group","Get abducted by aliens. Point on three: most votes drinks 2.","",""
"likely","likely.184","Most Likely To","group","Die first in a horror movie. Point on three: most votes drinks 2.","",""
"likely","likely.187","Most Likely To","group","End up on the news. Point on three: most votes drinks 2.","",""
"likely","likely.188","Most Likely To","group","Quit their job dramatically. Point on three: most votes drinks 3.","",""
"likely","likely.194","Most Likely To","group","Get arrested at a protest. Point on three: most votes drinks 2.","",""
"likely","likely.195","Most Likely To","group","Own a boat they can't afford. Point on three: most votes drinks 2.","",""
"likely","likely.196","Most Likely To","group","Move back in with their parents. Point on three: most votes drinks 2.","",""
"likely","likely.197","Most Likely To","group","Become an influencer. Point on three: most votes drinks 2.","",""
"likely","likely.198","Most Likely To","group","Win a hot dog eating contest. Point on three: most votes drinks 2.","",""
"likely","likely.199","Most Likely To","group","End up in witness protection. Point on three: most votes drinks 2.","",""
"likely","likely.200","Most Likely To","group","Buy a timeshare. Point on three: most votes drinks 2.","",""
"likely","likely.201","Most Likely To","group","Get a DUI on a lawn mower. Point on three: most votes drinks 2.","",""
"likely","likely.202","Most Likely To","group","Open a bar. Point on three: most votes drinks 2.","",""
"likely","likely.204","Most Likely To","group","Become a landlord everyone hates. Point on three: most votes drinks 2.","",""
"likely","likely.206","Most Likely To","group","Live in a van by choice. Point on three: most votes drinks 2.","",""
"likely","likely.207","Most Likely To","group","Show up on a true crime show. Point on three: most votes drinks 2.","",""
"likely","likely.208","Most Likely To","group","Fake their own death. Point on three: most votes drinks 3.","",""
"likely","likely.209","Most Likely To","group","Get rich on crypto, then lose it. Point on three: most votes drinks 2.","",""
"likely","likely.210","Most Likely To","group","Get a face tattoo at 50. Point on three: most votes drinks 2.","",""
"likely","likely.211","Most Likely To","group","Be late to their own wedding. Point on three: most votes drinks 2.","",""
"likely","likely.213","Most Likely To","group","Start drama and act surprised. Point on three: most votes drinks 2.","",""
"likely","likely.214","Most Likely To","group","Know everyone's secrets. Point on three: most votes drinks 2.","",""
"likely","likely.215","Most Likely To","group","Leak a secret by accident. Point on three: most votes drinks 3.","",""
"likely","likely.219","Most Likely To","group","Eat the last slice without asking. Point on three: most votes drinks 2.","",""
"likely","likely.220","Most Likely To","group","Hog the aux. Point on three: most votes drinks 2.","",""
"likely","likely.223","Most Likely To","group","Get lost on a group hike. Point on three: most votes drinks 2.","",""
"likely","likely.224","Most Likely To","group","Complain all trip and have the best time. Point on three: most votes drinks 2.","",""
"likely","likely.226","Most Likely To","group","Send a five-minute voice memo. Point on three: most votes drinks 2.","",""
"likely","likely.227","Most Likely To","group","Start a fight in the group chat. Point on three: most votes drinks 2.","",""
"likely","likely.228","Most Likely To","group","Change the plan at the last second. Point on three: most votes drinks 2.","",""
"likely","likely.229","Most Likely To","group","Become the main character on vacation. Point on three: most votes drinks 2.","",""
"likely","likely.231","Most Likely To","group","Fall asleep in the car every time. Point on three: most votes drinks 2.","",""
"likely","likely.232","Most Likely To","group","Pick the worst restaurant. Point on three: most votes drinks 2.","",""
"likely","likely.234","Most Likely To","group","Steal a souvenir from a hotel. Point on three: most votes drinks 2.","",""
"likely","likely.235","Most Likely To","group","Leave the party without saying goodbye. Point on three: most votes drinks 2.","",""
"likely","likely.236","Most Likely To","group","Win every argument by yelling. Point on three: most votes drinks 2.","",""
"likely","likely.237","Most Likely To","group","Talk their way into a VIP section. Point on three: most votes drinks 2.","",""
"likely","likely.238","Most Likely To","group","Lie on their resume. Point on three: most votes drinks 2.","",""
"likely","likely.239","Most Likely To","group","Cheat at board games. Point on three: most votes drinks 2.","",""
"likely","likely.240","Most Likely To","group","Take a game way too seriously. Point on three: most votes drinks 2.","",""
"likely","likely.241","Most Likely To","group","Flip the board when they lose. Point on three: most votes drinks 2.","",""
"likely","likely.242","Most Likely To","group","Blame the dice for losing. Point on three: most votes drinks 3.","",""
"likely","likely.246","Most Likely To","group","Be the reason we can't go back somewhere. Point on three: most votes drinks 3.","",""
"likely","likely.247","Most Likely To","group","Get banned from a restaurant. Point on three: most votes drinks 2.","",""
"likely","likely.249","Most Likely To","group","Survive on gas station food for a week. Point on three: most votes drinks 2.","",""
"likely","likely.250","Most Likely To","group","Be talking about this game tomorrow. Point on three: most votes finishes their drink.","",""
"likely","likely.251","Most Likely To","group","Have sex in a car this year. Point on three: most votes drinks 3.","",""
"likely","likely.252","Most Likely To","group","Fake an orgasm tonight. Point on three: most votes drinks 2.","",""
"likely","likely.253","Most Likely To","group","Have a sex tape somewhere. Point on three: most votes takes a shot.","",""
"likely","likely.254","Most Likely To","group","Shit their pants as an adult. Point on three: most votes drinks 3.","",""
"likely","likely.255","Most Likely To","group","Pee in a pool on purpose. Point on three: most votes drinks 2.","",""
"likely","likely.256","Most Likely To","group","Sleep with an ex's sibling. Point on three: most votes drinks 3.","",""
"likely","likely.257","Most Likely To","group","Have a fetish they'd never admit. Point on three: most votes drinks 3.","",""
"likely","likely.258","Most Likely To","group","Blame an STD on a toilet seat. Point on three: most votes drinks 3.","",""
"likely","likely.259","Most Likely To","group","Own a sex swing. Point on three: most votes drinks 2.","",""
"likely","likely.260","Most Likely To","group","Fart during sex. Point on three: most votes drinks 2.","",""
"likely","likely.261","Most Likely To","group","Cry after sex. Point on three: most votes drinks 2.","",""
"likely","likely.262","Most Likely To","group","Send a nude to the family group chat. Point on three: most votes takes a shot.","",""
"likely","likely.263","Most Likely To","group","Get caught masturbating. Point on three: most votes drinks 3.","",""
"likely","likely.264","Most Likely To","group","Keep a burner account to spy on exes. Point on three: most votes drinks 2.","",""
"likely","likely.265","Most Likely To","group","Make out with someone just to make someone else jealous. Point on three: most votes drinks 2.","",""
"likely","likely.266","Most Likely To","group","Hook up in a bar bathroom. Point on three: most votes drinks 3.","",""
"likely","likely.267","Most Likely To","group","Sleep with someone whose name they never learned. Point on three: most votes drinks 3.","",""
"likely","likely.268","Most Likely To","group","Get kicked out of a strip club. Point on three: most votes drinks 3.","",""
"likely","likely.269","Most Likely To","group","Call someone the wrong name in bed. Point on three: most votes drinks 3.","",""
"likely","likely.270","Most Likely To","group","Puke on someone they were hooking up with. Point on three: most votes finishes their drink.","",""
"likely","likely.271","Most Likely To","group","Scream during a Brazilian wax. Point on three: most votes drinks 2.","",""
"likely","likely.272","Most Likely To","group","Lie about their body count. Point on three: most votes drinks 2.","",""
"likely","likely.273","Most Likely To","group","Hook up with a married person. Point on three: most votes takes a shot.","",""
"likely","likely.274","Most Likely To","group","Date someone for their money. Point on three: most votes drinks 2.","",""
"likely","likely.275","Most Likely To","group","Pay for someone's OnlyFans. Point on three: most votes drinks 3.","",""
"likely","likely.276","Most Likely To","group","Pee in a sink at a party. Point on three: most votes drinks 2.","",""
"likely","likely.277","Most Likely To","group","Eat ass on a first date. Point on three: most votes drinks 3.","",""
"likely","likely.278","Most Likely To","group","Sext the wrong person. Point on three: most votes drinks 2.","",""
"likely","likely.279","Most Likely To","group","Have sex at a family wedding. Point on three: most votes drinks 3.","",""
"likely","likely.280","Most Likely To","group","Clog a hookup's toilet. Point on three: most votes drinks 3.","",""
"likely","likely.281","Most Likely To","group","Shit with the door open. Point on three: most votes drinks 2.","",""
"likely","likely.282","Most Likely To","group","Sniff their own fingers. Point on three: most votes drinks 2.","",""
"likely","likely.283","Most Likely To","group","Wear the same underwear three days straight. Point on three: most votes drinks 2.","",""
"likely","likely.284","Most Likely To","group","Eat a booger in public. Point on three: most votes drinks 2.","",""
"likely","likely.285","Most Likely To","group","Have a crusty sock under their bed. Point on three: most votes drinks 2.","",""
"likely","likely.286","Most Likely To","group","Fart and blame the dog. Point on three: most votes drinks 2.","",""
"likely","likely.287","Most Likely To","group","Pop a boner at the worst possible moment. Point on three: most votes drinks 2.","",""
"likely","likely.288","Most Likely To","group","Have loud tent sex on a group trip. Point on three: most votes drinks 3.","",""
"likely","likely.289","Most Likely To","group","Flash a cop. Point on three: most votes drinks 3.","",""
"likely","likely.290","Most Likely To","group","Get crabs. Point on three: most votes drinks 2.","",""
"likely","likely.291","Most Likely To","group","Have had a threesome. Point on three: most votes drinks 3.","",""
"likely","likely.292","Most Likely To","group","Lose a phone with a sex tape on it. Point on three: most votes takes a shot.","",""
"likely","likely.293","Most Likely To","group","Sleep with their boss. Point on three: most votes drinks 3.","",""
"likely","likely.294","Most Likely To","group","Jerk off at work. Point on three: most votes drinks 2.","",""
"likely","likely.295","Most Likely To","group","Get caught peeing in public. Point on three: most votes drinks 3.","",""
"likely","likely.296","Most Likely To","group","Throw up in their mouth and swallow it. Point on three: most votes drinks 2.","",""
"likely","likely.297","Most Likely To","group","Lick a stranger on a dare. Point on three: most votes drinks 2.","",""
"likely","likely.298","Most Likely To","group","Get a hickey after 30. Point on three: most votes drinks 2.","",""
"likely","likely.299","Most Likely To","group","Do a keg stand in a dress. Point on three: most votes drinks 2.","",""
"likely","likely.300","Most Likely To","group","Streak through somewhere public. Point on three: most votes drinks 3.","",""
"likely","likely.301","Most Likely To","group","Make out with a stranger in front of their date. Point on three: most votes drinks 3.","",""
"likely","likely.302","Most Likely To","group","Use their roommate's toothbrush. Point on three: most votes drinks 2.","",""
"likely","likely.303","Most Likely To","group","Lose their virginity somewhere embarrassing. Point on three: most votes drinks 2.","",""
"likely","likely.304","Most Likely To","group","Talk dirty and make it weird. Point on three: most votes drinks 2.","",""
"likely","likely.305","Most Likely To","group","Google their symptoms after a hookup. Point on three: most votes drinks 2.","",""
"likely","likely.306","Most Likely To","group","Shit in the woods this weekend. Point on three: most votes drinks 2.","",""
"likely","likely.307","Most Likely To","group","Get a nipple piercing on a whim. Point on three: most votes drinks 2.","",""
"likely","likely.308","Most Likely To","group","Moan in their sleep. Point on three: most votes drinks 2.","",""
"likely","likely.309","Most Likely To","group","Have sex in a pool and lie about it. Point on three: most votes drinks 3.","",""
"likely","likely.310","Most Likely To","group","Get walked in on by a parent. Point on three: most votes drinks 3.","",""
"likely","likely.311","Most Likely To","group","Fall asleep mid-hookup. Point on three: most votes drinks 2.","",""
